pokemon_id,move_id,level
1,14,0
1,15,0
1,22,13
1,33,1
1,34,0
1,36,0
1,38,0
1,45,1
1,72,0
1,73,7
1,74,34
1,75,27
1,76,48
1,76,0
1,77,20
1,79,41
1,92,0
1,99,0
1,102,0
1,104,0
1,115,0
1,117,0
1,156,0
1,164,0
2,14,0
2,15,0
2,22,13
2,33,1
2,34,0
2,36,0
2,38,0
2,45,1
2,72,0
2,73,1
2,73,7
2,74,38
2,75,30
2,76,54
2,76,0
2,77,22
2,79,46
2,92,0
2,99,0
2,102,0
2,104,0
2,115,0
2,117,0
2,156,0
2,164,0
3,14,0
3,15,0
3,22,1
3,22,13
3,33,1
3,34,0
3,36,0
3,38,0
3,45,1
3,63,0
3,72,0
3,73,1
3,73,7
3,74,43
3,75,30
3,76,65
3,76,0
3,77,22
3,79,55
3,92,0
3,99,0
3,102,0
3,104,0
3,115,0
3,117,0
3,156,0
3,164,0
4,5,0
4,10,1
4,14,0
4,15,0
4,25,0
4,34,0
4,36,0
4,38,0
4,43,15
4,45,1
4,52,9
4,53,38
4,66,0
4,68,0
4,69,0
4,70,0
4,82,0
4,83,46
4,91,0
4,92,0
4,99,22
4,99,0
4,102,0
4,104,0
4,115,0
4,117,0
4,126,0
4,129,0
4,130,0
4,156,0
4,163,30
4,164,0
5,5,0
5,10,1
5,14,0
5,15,0
5,25,0
5,34,0
5,36,0
5,38,0
5,43,15
5,45,1
5,52,1
5,52,9
5,53,42
5,66,0
5,68,0
5,69,0
5,70,0
5,82,0
5,83,56
5,91,0
5,92,0
5,99,24
5,99,0
5,102,0
5,104,0
5,115,0
5,117,0
5,126,0
5,129,0
5,130,0
5,156,0
5,163,33
5,164,0
6,5,0
6,10,1
6,14,0
6,15,0
6,25,0
6,34,0
6,36,0
6,38,0
6,43,1
6,43,15
6,45,1
6,52,1
6,52,9
6,53,46
6,63,0
6,66,0
6,68,0
6,69,0
6,70,0
6,82,0
6,83,55
6,89,0
6,90,0
6,91,0
6,92,0
6,99,24
6,99,0
6,102,0
6,104,0
6,115,0
6,117,0
6,126,0
6,129,0
6,130,0
6,156,0
6,163,36
6,164,0
7,5,0
7,25,0
7,33,1
7,34,0
7,36,0
7,38,0
7,39,1
7,44,22
7,55,15
7,55,0
7,56,42
7,57,0
7,58,0
7,59,0
7,61,0
7,66,0
7,68,0
7,69,0
7,70,0
7,91,0
7,92,0
7,99,0
7,102,0
7,104,0
7,110,28
7,115,0
7,117,0
7,130,35
7,130,0
7,145,8
7,156,0
7,164,0
8,5,0
8,25,0
8,33,1
8,34,0
8,36,0
8,38,0
8,39,1
8,44,24
8,55,15
8,55,0
8,56,47
8,57,0
8,58,0
8,59,0
8,61,0
8,66,0
8,68,0
8,69,0
8,70,0
8,91,0
8,92,0
8,99,0
8,102,0
8,104,0
8,110,31
8,115,0
8,117,0
8,130,39
8,130,0
8,145,1
8,145,8
8,156,0
8,164,0
9,5,0
9,25,0
9,33,1
9,34,0
9,36,0
9,38,0
9,39,1
9,44,24
9,55,1
9,55,15
9,55,0
9,56,52
9,57,0
9,58,0
9,59,0
9,61,0
9,63,0
9,66,0
9,68,0
9,69,0
9,70,0
9,89,0
9,90,0
9,91,0
9,92,0
9,99,0
9,102,0
9,104,0
9,110,31
9,115,0
9,117,0
9,130,42
9,130,0
9,145,1
9,145,8
9,156,0
9,164,0
10,33,1
10,81,1
11,106,1
12,13,0
12,18,26
12,18,0
12,36,0
12,38,0
12,48,21
12,60,32
12,63,0
12,72,0
12,76,0
12,77,15
12,78,16
12,79,17
12,92,0
12,93,1
12,93,12
12,94,0
12,99,0
12,100,0
12,102,0
12,104,0
12,115,0
12,117,0
12,129,0
12,149,0
12,156,0
12,164,0
13,40,1
13,81,1
14,106,1
15,14,0
15,15,0
15,31,1
15,31,12
15,36,0
15,38,0
15,41,20
15,42,30
15,63,0
15,72,0
15,92,0
15,97,35
15,99,25
15,99,0
15,102,0
15,104,0
15,115,0
15,116,16
15,117,0
15,129,0
15,130,0
15,156,0
15,164,0
16,13,0
16,16,1
16,17,28
16,18,19
16,18,0
16,19,0
16,28,5
16,36,0
16,38,0
16,92,0
16,97,36
16,98,12
16,99,0
16,102,0
16,104,0
16,115,0
16,117,0
16,119,44
16,129,0
16,143,0
16,156,0
16,164,0
17,13,0
17,16,1
17,17,31
17,18,21
17,18,0
17,19,0
17,28,1
17,28,5
17,36,0
17,38,0
17,92,0
17,97,40
17,98,12
17,99,0
17,102,0
17,104,0
17,115,0
17,117,0
17,119,49
17,129,0
17,143,0
17,156,0
17,164,0
18,13,0
18,16,1
18,17,31
18,18,21
18,18,0
18,19,0
18,28,1
18,28,5
18,36,0
18,38,0
18,63,0
18,92,0
18,97,44
18,98,1
18,98,12
18,99,0
18,102,0
18,104,0
18,115,0
18,117,0
18,119,54
18,129,0
18,143,0
18,156,0
18,164,0
19,33,1
19,34,0
19,36,0
19,38,0
19,39,1
19,55,0
19,59,0
19,61,0
19,85,0
19,87,0
19,91,0
19,92,0
19,98,7
19,99,0
19,102,0
19,104,0
19,116,23
19,117,0
19,129,0
19,130,0
19,156,0
19,158,14
19,162,34
19,164,0
20,33,1
20,34,0
20,36,0
20,38,0
20,39,1
20,55,0
20,58,0
20,59,0
20,61,0
20,63,0
20,85,0
20,87,0
20,91,0
20,92,0
20,98,1
20,98,7
20,99,0
20,102,0
20,104,0
20,116,27
20,117,0
20,129,0
20,130,0
20,156,0
20,158,14
20,162,41
20,164,0
21,13,0
21,18,0
21,19,0
21,31,15
21,36,0
21,38,0
21,43,9
21,45,1
21,64,1
21,65,29
21,92,0
21,97,36
21,99,0
21,102,0
21,104,0
21,117,0
21,119,22
21,129,0
21,143,0
21,156,0
21,164,0
22,13,0
22,18,0
22,19,0
22,31,15
22,36,0
22,38,0
22,43,1
22,43,9
22,45,1
22,63,0
22,64,1
22,65,34
22,92,0
22,97,43
22,99,0
22,102,0
22,104,0
22,117,0
22,119,25
22,129,0
22,143,0
22,156,0
22,164,0
23,34,0
23,35,1
23,36,0
23,38,0
23,40,10
23,43,1
23,44,17
23,51,38
23,70,0
23,72,0
23,89,0
23,90,0
23,91,0
23,92,0
23,99,0
23,102,0
23,103,31
23,104,0
23,117,0
23,130,0
23,137,24
23,156,0
23,157,0
23,164,0
24,34,0
24,35,1
24,36,0
24,38,0
24,40,1
24,40,10
24,43,1
24,44,17
24,51,47
24,63,0
24,70,0
24,72,0
24,89,0
24,90,0
24,91,0
24,92,0
24,99,0
24,102,0
24,103,36
24,104,0
24,117,0
24,130,0
24,137,27
24,156,0
24,157,0
24,164,0
25,5,0
25,6,0
25,25,0
25,34,0
25,36,0
25,38,0
25,45,1
25,57,0
25,66,0
25,69,0
25,84,1
25,85,0
25,86,9
25,86,0
25,87,43
25,87,0
25,92,0
25,97,33
25,98,16
25,99,0
25,102,0
25,104,0
25,115,0
25,117,0
25,129,26
25,129,0
25,130,0
25,148,0
25,156,0
25,164,0
26,5,0
26,6,0
26,25,0
26,34,0
26,36,0
26,38,0
26,45,1
26,63,0
26,66,0
26,69,0
26,84,1
26,85,0
26,86,1
26,86,0
26,87,0
26,92,0
26,99,0
26,102,0
26,104,0
26,115,0
26,117,0
26,129,0
26,130,0
26,148,0
26,156,0
26,164,0
27,10,1
27,14,0
27,15,0
27,28,10
27,34,0
27,36,0
27,38,0
27,40,24
27,66,0
27,69,0
27,70,0
27,89,0
27,90,0
27,91,0
27,92,0
27,99,0
27,102,0
27,104,0
27,117,0
27,129,31
27,129,0
27,130,0
27,154,38
27,156,0
27,157,0
27,163,17
27,164,0
28,10,1
28,14,0
28,15,0
28,28,1
28,28,10
28,34,0
28,36,0
28,38,0
28,40,27
28,63,0
28,66,0
28,69,0
28,70,0
28,89,0
28,90,0
28,91,0
28,92,0
28,99,0
28,102,0
28,104,0
28,117,0
28,129,36
28,129,0
28,130,0
28,154,47
28,156,0
28,157,0
28,163,17
28,164,0
29,10,8
29,24,43
29,33,1
29,34,0
29,36,0
29,38,0
29,39,21
29,40,14
29,44,29
29,45,1
29,59,0
29,85,0
29,87,0
29,92,0
29,99,0
29,102,0
29,104,0
29,115,0
29,117,0
29,130,0
29,154,36
29,156,0
29,164,0
30,10,1
30,10,8
30,24,50
30,32,0
30,33,1
30,34,0
30,36,0
30,38,0
30,39,23
30,40,14
30,44,32
30,45,1
30,55,0
30,58,0
30,59,0
30,61,0
30,85,0
30,87,0
30,92,0
30,99,0
30,102,0
30,104,0
30,115,0
30,117,0
30,130,0
30,154,41
30,156,0
30,164,0
31,5,0
31,6,0
31,10,1
31,10,8
31,25,0
31,32,0
31,33,1
31,34,1
31,34,23
31,34,0
31,36,0
31,38,0
31,39,1
31,40,14
31,55,0
31,57,0
31,58,0
31,59,0
31,61,0
31,63,0
31,66,0
31,68,0
31,69,0
31,70,0
31,85,0
31,87,0
31,89,0
31,90,0
31,92,0
31,99,0
31,102,0
31,104,0
31,115,0
31,117,0
31,126,0
31,130,0
31,156,0
31,157,0
31,164,0
32,24,43
32,30,8
32,31,29
32,32,36
32,32,0
32,33,1
32,34,0
32,36,0
32,38,0
32,40,14
32,43,1
32,59,0
32,85,0
32,87,0
32,92,0
32,99,0
32,102,0
32,104,0
32,115,0
32,116,21
32,117,0
32,130,0
32,156,0
32,164,0
33,24,50
33,30,1
33,30,8
33,31,32
33,32,41
33,32,0
33,33,1
33,34,0
33,36,0
33,38,0
33,40,14
33,43,1
33,55,0
33,58,0
33,59,0
33,61,0
33,85,0
33,87,0
33,92,0
33,99,0
33,102,0
33,104,0
33,115,0
33,116,23
33,117,0
33,130,0
33,156,0
33,164,0
34,5,0
34,6,0
34,25,0
34,30,1
34,30,8
34,32,0
34,33,1
34,34,0
34,36,0
34,37,1
34,37,23
34,38,0
34,40,1
34,40,14
34,55,0
34,57,0
34,58,0
34,59,0
34,61,0
34,63,0
34,66,0
34,68,0
34,69,0
34,70,0
34,85,0
34,87,0
34,89,0
34,90,0
34,92,0
34,99,0
34,102,0
34,104,0
34,115,0
34,117,0
34,126,0
34,130,0
34,156,0
34,157,0
34,164,0
35,1,1
35,3,18
35,5,0
35,25,0
35,34,0
35,36,0
35,38,0
35,45,1
35,47,13
35,55,0
35,58,0
35,59,0
35,61,0
35,66,0
35,68,0
35,69,0
35,70,0
35,76,0
35,85,0
35,86,0
35,87,0
35,92,0
35,94,0
35,99,0
35,100,0
35,102,0
35,104,0
35,107,24
35,111,39
35,113,48
35,115,0
35,117,0
35,118,31
35,118,0
35,126,0
35,130,0
35,148,0
35,149,0
35,156,0
35,161,0
35,164,0
36,3,1
36,5,0
36,25,0
36,34,0
36,36,0
36,38,0
36,47,1
36,55,0
36,58,0
36,59,0
36,61,0
36,63,0
36,66,0
36,68,0
36,69,0
36,70,0
36,76,0
36,85,0
36,86,0
36,87,0
36,92,0
36,94,0
36,99,0
36,100,0
36,102,0
36,104,0
36,107,1
36,115,0
36,117,0
36,118,1
36,118,0
36,126,0
36,130,0
36,148,0
36,149,0
36,156,0
36,161,0
36,164,0
37,34,0
37,36,0
37,38,0
37,39,1
37,46,21
37,52,1
37,53,35
37,83,42
37,91,0
37,92,0
37,98,16
37,99,0
37,102,0
37,104,0
37,109,28
37,115,0
37,117,0
37,126,0
37,129,0
37,130,0
37,156,0
37,164,0
38,34,0
38,36,0
38,38,0
38,39,1
38,46,1
38,52,1
38,63,0
38,91,0
38,92,0
38,98,1
38,99,0
38,102,0
38,104,0
38,115,0
38,117,0
38,126,0
38,129,0
38,130,0
38,156,0
38,164,0
39,1,9
39,3,24
39,5,0
39,25,0
39,34,34
39,34,0
39,36,0
39,38,39
39,38,0
39,47,1
39,50,14
39,55,0
39,58,0
39,59,0
39,61,0
39,66,0
39,68,0
39,69,0
39,70,0
39,76,0
39,85,0
39,86,0
39,87,0
39,92,0
39,94,0
39,99,0
39,100,0
39,102,0
39,104,0
39,111,19
39,115,0
39,117,0
39,126,0
39,130,0
39,148,0
39,149,0
39,156,29
39,156,0
39,161,0
39,164,0
40,3,1
40,5,0
40,25,0
40,34,0
40,36,0
40,38,0
40,47,1
40,50,1
40,55,0
40,58,0
40,59,0
40,61,0
40,63,0
40,66,0
40,68,0
40,69,0
40,70,0
40,76,0
40,85,0
40,86,0
40,87,0
40,92,0
40,94,0
40,99,0
40,100,0
40,102,0
40,104,0
40,111,1
40,115,0
40,117,0
40,126,0
40,130,0
40,148,0
40,149,0
40,156,0
40,161,0
40,164,0
41,13,0
41,17,28
41,18,0
41,36,0
41,38,0
41,44,15
41,48,10
41,72,0
41,92,0
41,99,0
41,102,0
41,104,0
41,109,21
41,114,36
41,117,0
41,129,0
41,141,1
41,156,0
41,164,0
42,13,0
42,17,32
42,18,0
42,36,0
42,38,0
42,44,1
42,44,15
42,48,10
42,63,0
42,72,0
42,92,0
42,99,0
42,102,0
42,103,1
42,104,0
42,109,21
42,114,43
42,117,0
42,129,0
42,141,1
42,156,0
42,164,0
43,14,0
43,15,0
43,36,0
43,38,0
43,51,24
43,71,1
43,72,0
43,76,46
43,76,0
43,77,15
43,78,17
43,79,19
43,80,33
43,92,0
43,99,0
43,102,0
43,104,0
43,115,0
43,117,0
43,156,0
43,164,0
44,14,0
44,15,0
44,36,0
44,38,0
44,51,28
44,71,1
44,72,0
44,76,52
44,76,0
44,77,1
44,77,15
44,78,1
44,78,17
44,79,19
44,80,38
44,92,0
44,99,0
44,102,0
44,104,0
44,115,0
44,117,0
44,156,0
44,164,0
45,14,0
45,15,0
45,34,0
45,36,0
45,38,0
45,51,1
45,63,0
45,72,0
45,76,0
45,77,15
45,78,1
45,78,17
45,79,1
45,79,19
45,80,1
45,92,0
45,99,0
45,102,0
45,104,0
45,115,0
45,117,0
45,156,0
45,164,0
46,10,1
46,14,0
46,15,0
46,34,0
46,36,0
46,38,0
46,72,0
46,74,41
46,76,0
46,78,13
46,91,0
46,92,0
46,99,0
46,102,0
46,104,0
46,115,0
46,117,0
46,130,0
46,141,20
46,147,27
46,156,0
46,163,34
46,164,0
47,10,1
47,14,0
47,15,0
47,34,0
47,36,0
47,38,0
47,63,0
47,72,0
47,74,48
47,76,0
47,78,1
47,78,13
47,91,0
47,92,0
47,99,0
47,102,0
47,104,0
47,115,0
47,117,0
47,130,0
47,141,1
47,141,20
47,147,30
47,156,0
47,163,39
47,164,0
48,33,1
48,36,0
48,38,0
48,50,1
48,60,35
48,72,0
48,76,0
48,77,24
48,78,30
48,79,38
48,92,0
48,94,43
48,94,0
48,99,0
48,102,0
48,104,0
48,115,0
48,117,0
48,141,27
48,149,0
48,156,0
48,164,0
49,13,0
49,18,0
49,33,1
49,36,0
49,38,0
49,50,1
49,60,38
49,63,0
49,72,0
49,76,0
49,77,1
49,77,24
49,78,30
49,79,43
49,92,0
49,94,50
49,94,0
49,99,0
49,100,0
49,102,0
49,104,0
49,115,0
49,117,0
49,129,0
49,141,1
49,141,27
49,149,0
49,156,0
49,164,0
50,10,1
50,28,24
50,34,0
50,36,0
50,38,0
50,45,15
50,89,40
50,89,0
50,90,0
50,91,19
50,91,0
50,92,0
50,99,0
50,102,0
50,104,0
50,117,0
50,156,0
50,157,0
50,163,31
50,164,0
51,10,1
51,28,24
51,34,0
51,36,0
51,38,0
51,45,1
51,45,15
51,63,0
51,89,47
51,89,0
51,90,0
51,91,1
51,91,19
51,91,0
51,92,0
51,99,0
51,102,0
51,104,0
51,117,0
51,156,0
51,157,0
51,163,35
51,164,0
52,6,17
52,6,0
52,10,1
52,34,0
52,36,0
52,38,0
52,44,12
52,45,1
52,55,0
52,61,0
52,85,0
52,87,0
52,92,0
52,99,0
52,102,0
52,103,24
52,104,0
52,117,0
52,129,0
52,130,0
52,154,33
52,156,0
52,163,44
52,164,0
53,6,17
53,6,0
53,10,1
53,34,0
53,36,0
53,38,0
53,44,1
53,44,12
53,45,1
53,55,0
53,61,0
53,63,0
53,85,0
53,87,0
53,92,0
53,99,0
53,102,0
53,103,1
53,103,24
53,104,0
53,117,0
53,129,0
53,130,0
53,154,37
53,156,0
53,163,51
53,164,0
54,5,0
54,6,0
54,10,1
54,25,0
54,34,0
54,36,0
54,38,0
54,39,28
54,50,31
54,55,0
54,56,52
54,57,0
54,58,0
54,59,0
54,61,0
54,66,0
54,68,0
54,69,0
54,70,0
54,91,0
54,92,0
54,93,36
54,99,0
54,102,0
54,104,0
54,117,0
54,129,0
54,130,0
54,154,43
54,156,0
54,164,0
55,5,0
55,6,0
55,10,1
55,25,0
55,34,0
55,36,0
55,38,0
55,39,1
55,39,28
55,50,1
55,50,31
55,55,0
55,56,59
55,57,0
55,58,0
55,59,0
55,61,0
55,63,0
55,66,0
55,68,0
55,69,0
55,70,0
55,91,0
55,92,0
55,93,39
55,99,0
55,102,0
55,104,0
55,117,0
55,129,0
55,130,0
55,154,48
55,156,0
55,164,0
56,2,15
56,5,0
56,6,0
56,10,1
56,25,0
56,34,0
56,36,0
56,37,39
56,38,0
56,43,1
56,66,0
56,68,0
56,69,33
56,69,0
56,70,0
56,85,0
56,87,0
56,91,0
56,92,0
56,99,0
56,102,0
56,104,0
56,116,27
56,117,0
56,118,0
56,129,0
56,130,0
56,154,21
56,156,0
56,157,0
56,164,0
57,2,1
57,2,15
57,5,0
57,6,0
57,10,1
57,25,0
57,34,0
57,36,0
57,37,46
57,38,0
57,43,1
57,63,0
57,66,0
57,68,0
57,69,37
57,69,0
57,70,0
57,85,0
57,87,0
57,91,0
57,92,0
57,99,0
57,102,0
57,104,0
57,116,27
57,117,0
57,118,0
57,129,0
57,130,0
57,154,1
57,154,21
57,156,0
57,157,0
57,164,0
58,34,0
58,36,30
58,36,0
58,38,0
58,43,23
58,44,1
58,46,1
58,52,18
58,53,50
58,82,0
58,91,0
58,92,0
58,97,39
58,99,0
58,102,0
58,104,0
58,115,0
58,117,0
58,126,0
58,129,0
58,130,0
58,156,0
58,164,0
59,34,0
59,36,1
59,36,0
59,38,0
59,43,1
59,46,1
59,52,1
59,63,0
59,82,0
59,91,0
59,92,0
59,99,0
59,100,0
59,102,0
59,104,0
59,115,0
59,117,0
59,126,0
59,129,0
59,130,0
59,156,0
59,164,0
60,3,25
60,34,31
60,34,0
60,36,0
60,38,0
60,55,19
60,55,0
60,56,45
60,57,0
60,58,0
60,59,0
60,61,0
60,92,0
60,94,0
60,95,16
60,99,0
60,102,0
60,104,0
60,117,0
60,130,0
60,133,38
60,145,1
60,149,0
60,156,0
60,164,0
61,3,26
61,5,0
61,25,0
61,34,33
61,34,0
61,36,0
61,38,0
61,55,1
61,55,19
61,55,0
61,56,49
61,57,0
61,58,0
61,59,0
61,61,0
61,66,0
61,68,0
61,69,0
61,70,0
61,89,0
61,90,0
61,92,0
61,94,0
61,95,1
61,95,16
61,99,0
61,102,0
61,104,0
61,117,0
61,118,0
61,130,0
61,133,41
61,145,1
61,149,0
61,156,0
61,164,0
62,3,1
62,5,0
62,25,0
62,34,1
62,34,0
62,36,0
62,38,0
62,55,1
62,55,19
62,55,0
62,57,0
62,58,0
62,59,0
62,61,0
62,63,0
62,66,0
62,68,0
62,69,0
62,70,0
62,89,0
62,90,0
62,92,0
62,94,0
62,95,1
62,95,16
62,99,0
62,102,0
62,104,0
62,117,0
62,118,0
62,130,0
62,149,0
62,156,0
62,164,0
63,5,0
63,25,0
63,34,0
63,36,0
63,38,0
63,66,0
63,68,0
63,69,0
63,86,0
63,92,0
63,94,0
63,99,0
63,100,1
63,100,0
63,102,0
63,104,0
63,115,0
63,117,0
63,118,0
63,130,0
63,148,0
63,149,0
63,156,0
63,161,0
63,164,0
64,5,0
64,25,0
64,34,0
64,36,0
64,38,0
64,50,1
64,50,20
64,60,27
64,66,0
64,68,0
64,69,0
64,86,0
64,91,0
64,92,0
64,93,1
64,93,16
64,94,38
64,94,0
64,99,0
64,100,1
64,100,0
64,102,0
64,104,0
64,105,31
64,115,42
64,115,0
64,117,0
64,118,0
64,130,0
64,148,0
64,149,0
64,156,0
64,161,0
64,164,0
65,5,0
65,25,0
65,34,0
65,36,0
65,38,0
65,50,1
65,50,20
65,60,27
65,63,0
65,66,0
65,68,0
65,69,0
65,86,0
65,91,0
65,92,0
65,93,1
65,93,16
65,94,38
65,94,0
65,99,0
65,100,1
65,100,0
65,102,0
65,104,0
65,105,31
65,115,42
65,115,0
65,117,0
65,118,0
65,130,0
65,148,0
65,149,0
65,156,0
65,161,0
65,164,0
66,2,1
66,5,0
66,25,0
66,34,0
66,36,0
66,38,0
66,43,25
66,66,46
66,66,0
66,67,20
66,68,0
66,69,39
66,69,0
66,70,0
66,89,0
66,90,0
66,91,0
66,92,0
66,99,0
66,102,0
66,104,0
66,116,32
66,117,0
66,118,0
66,126,0
66,130,0
66,156,0
66,157,0
66,164,0
67,2,1
67,5,0
67,25,0
67,34,0
67,36,0
67,38,0
67,43,1
67,43,25
67,66,52
67,66,0
67,67,1
67,67,20
67,68,0
67,69,44
67,69,0
67,70,0
67,89,0
67,90,0
67,91,0
67,92,0
67,99,0
67,102,0
67,104,0
67,116,36
67,117,0
67,118,0
67,126,0
67,130,0
67,156,0
67,157,0
67,164,0
68,2,1
68,5,0
68,25,0
68,34,0
68,36,0
68,38,0
68,43,1
68,43,25
68,63,0
68,66,52
68,66,0
68,67,1
68,67,20
68,68,0
68,69,44
68,69,0
68,70,0
68,89,0
68,90,0
68,91,0
68,92,0
68,99,0
68,102,0
68,104,0
68,116,36
68,117,0
68,118,0
68,126,0
68,130,0
68,156,0
68,157,0
68,164,0
69,14,0
69,15,0
69,21,42
69,22,1
69,35,13
69,36,0
69,38,0
69,51,26
69,72,0
69,74,1
69,75,33
69,76,0
69,77,15
69,78,21
69,79,18
69,92,0
69,99,0
69,102,0
69,104,0
69,115,0
69,117,0
69,156,0
69,164,0
70,14,0
70,15,0
70,21,49
70,22,1
70,35,1
70,35,13
70,36,0
70,38,0
70,51,29
70,72,0
70,74,1
70,75,38
70,76,0
70,77,15
70,78,23
70,79,18
70,92,0
70,99,0
70,102,0
70,104,0
70,115,0
70,117,0
70,156,0
70,164,0
71,14,0
71,15,0
71,34,0
71,35,13
71,36,0
71,38,0
71,51,1
71,63,0
71,72,0
71,75,1
71,76,0
71,77,15
71,78,1
71,79,1
71,79,18
71,92,0
71,99,0
71,102,0
71,104,0
71,115,0
71,117,0
71,156,0
71,164,0
72,14,0
72,15,0
72,35,13
72,36,0
72,38,0
72,40,18
72,48,7
72,51,1
72,55,22
72,55,0
72,56,48
72,57,0
72,58,0
72,59,0
72,61,0
72,72,0
72,92,0
72,99,0
72,102,0
72,103,40
72,104,0
72,112,33
72,115,0
72,117,0
72,130,0
72,132,27
72,156,0
72,164,0
73,14,0
73,15,0
73,35,1
73,35,13
73,36,0
73,38,0
73,40,18
73,48,1
73,48,7
73,51,1
73,55,22
73,55,0
73,56,50
73,57,0
73,58,0
73,59,0
73,61,0
73,63,0
73,72,0
73,92,0
73,99,0
73,102,0
73,103,43
73,104,0
73,112,35
73,115,0
73,117,0
73,130,0
73,132,27
73,156,0
73,164,0
74,5,0
74,33,1
74,34,0
74,36,0
74,38,0
74,66,0
74,68,0
74,69,0
74,70,0
74,88,16
74,89,31
74,89,0
74,90,0
74,91,0
74,92,0
74,99,0
74,102,0
74,104,0
74,106,26
74,111,11
74,117,0
74,118,0
74,120,21
74,120,0
74,126,0
74,153,36
74,153,0
74,156,0
74,157,0
74,164,0
75,5,0
75,33,1
75,34,0
75,36,0
75,38,0
75,66,0
75,68,0
75,69,0
75,70,0
75,88,16
75,89,36
75,89,0
75,90,0
75,91,0
75,92,0
75,99,0
75,102,0
75,104,0
75,106,29
75,111,1
75,111,11
75,117,0
75,118,0
75,120,21
75,120,0
75,126,0
75,153,43
75,153,0
75,156,0
75,157,0
75,164,0
76,5,0
76,25,0
76,33,1
76,34,0
76,36,0
76,38,0
76,63,0
76,66,0
76,68,0
76,69,0
76,70,0
76,88,16
76,89,36
76,89,0
76,90,0
76,91,0
76,92,0
76,99,0
76,102,0
76,104,0
76,106,29
76,111,1
76,111,11
76,117,0
76,118,0
76,120,21
76,120,0
76,126,0
76,153,43
76,153,0
76,156,0
76,157,0
76,164,0
77,23,32
77,32,0
77,34,0
77,36,43
77,36,0
77,38,0
77,39,30
77,45,35
77,52,1
77,83,39
77,92,0
77,97,48
77,99,0
77,102,0
77,104,0
77,115,0
77,117,0
77,126,0
77,129,0
77,130,0
77,156,0
77,164,0
78,23,1
78,23,32
78,32,0
78,34,0
78,36,47
78,36,0
78,38,0
78,39,1
78,39,30
78,45,1
78,45,35
78,52,1
78,63,0
78,83,39
78,92,0
78,97,55
78,99,0
78,102,0
78,104,0
78,115,0
78,117,0
78,126,0
78,129,0
78,130,0
78,156,0
78,164,0
79,6,0
79,29,22
79,34,0
79,36,0
79,38,0
79,45,27
79,50,18
79,55,33
79,55,0
79,57,0
79,58,0
79,59,0
79,61,0
79,70,0
79,86,0
79,89,0
79,90,0
79,91,0
79,92,0
79,93,1
79,94,48
79,94,0
79,99,0
79,100,0
79,102,0
79,104,0
79,115,0
79,117,0
79,126,0
79,129,0
79,130,0
79,133,40
79,148,0
79,149,0
79,156,0
79,161,0
79,164,0
80,5,0
80,6,0
80,25,0
80,29,1
80,29,22
80,34,0
80,36,0
80,38,0
80,45,27
80,50,1
80,50,18
80,55,33
80,55,0
80,57,0
80,58,0
80,59,0
80,61,0
80,63,0
80,66,0
80,68,0
80,69,0
80,70,0
80,86,0
80,89,0
80,90,0
80,91,0
80,92,0
80,93,1
80,94,55
80,94,0
80,99,0
80,100,0
80,102,0
80,104,0
80,110,37
80,115,0
80,117,0
80,126,0
80,129,0
80,130,0
80,133,44
80,148,0
80,149,0
80,156,0
80,161,0
80,164,0
81,33,1
81,36,0
81,38,0
81,48,29
81,49,21
81,84,25
81,85,0
81,86,35
81,86,0
81,87,0
81,92,0
81,99,0
81,100,0
81,102,0
81,103,47
81,104,0
81,115,0
81,117,0
81,129,41
81,129,0
81,148,0
81,156,0
81,164,0
82,33,1
82,36,0
82,38,0
82,48,29
82,49,1
82,49,21
82,63,0
82,84,1
82,84,25
82,85,0
82,86,38
82,86,0
82,87,0
82,92,0
82,99,0
82,100,0
82,102,0
82,103,54
82,104,0
82,115,0
82,117,0
82,129,46
82,129,0
82,148,0
82,156,0
82,164,0
83,13,0
83,14,23
83,14,0
83,15,0
83,18,0
83,19,0
83,28,1
83,31,15
83,34,0
83,36,0
83,38,0
83,43,7
83,64,1
83,92,0
83,97,31
83,99,0
83,102,0
83,104,0
83,115,0
83,117,0
83,129,0
83,130,0
83,156,0
83,163,39
83,164,0
84,18,0
84,19,0
84,31,24
84,34,0
84,36,0
84,38,0
84,45,20
84,64,1
84,65,30
84,92,0
84,97,44
84,99,36
84,99,0
84,102,0
84,104,0
84,115,0
84,117,0
84,130,0
84,143,0
84,156,0
84,161,40
84,161,0
84,164,0
85,18,0
85,19,0
85,31,1
85,31,24
85,34,0
85,36,0
85,38,0
85,45,1
85,45,20
85,63,0
85,64,1
85,65,30
85,92,0
85,97,51
85,99,39
85,99,0
85,102,0
85,104,0
85,115,0
85,117,0
85,130,0
85,143,0
85,156,0
85,161,45
85,161,0
85,164,0
86,6,0
86,29,1
86,32,0
86,34,0
86,36,45
86,36,0
86,38,0
86,45,30
86,55,0
86,57,0
86,58,50
86,58,0
86,59,0
86,61,0
86,62,35
86,70,0
86,92,0
86,99,0
86,102,0
86,104,0
86,117,0
86,130,0
86,156,40
86,156,0
86,164,0
87,6,0
87,29,1
87,32,0
87,34,0
87,36,50
87,36,0
87,38,0
87,45,1
87,45,30
87,55,0
87,57,0
87,58,56
87,58,0
87,59,0
87,61,0
87,62,1
87,62,35
87,63,0
87,70,0
87,92,0
87,99,0
87,102,0
87,104,0
87,117,0
87,130,0
87,156,44
87,156,0
87,164,0
88,1,1
88,34,0
88,50,1
88,72,0
88,85,0
88,87,0
88,92,0
88,99,0
88,102,0
88,103,48
88,104,0
88,106,42
88,107,33
88,117,0
88,120,0
88,124,37
88,126,0
88,139,30
88,151,55
88,153,0
88,156,0
88,164,0
89,1,1
89,34,0
89,50,1
89,63,0
89,72,0
89,85,0
89,87,0
89,92,0
89,99,0
89,102,0
89,103,53
89,104,0
89,106,45
89,107,33
89,117,0
89,120,0
89,124,37
89,126,0
89,139,1
89,139,30
89,151,60
89,153,0
89,156,0
89,164,0
90,33,1
90,36,0
90,38,0
90,43,39
90,48,18
90,55,0
90,57,0
90,58,50
90,58,0
90,59,0
90,61,0
90,62,30
90,92,0
90,99,0
90,100,0
90,102,0
90,104,0
90,110,1
90,115,0
90,117,0
90,120,0
90,128,23
90,129,0
90,153,0
90,156,0
90,161,0
90,164,0
91,36,0
91,38,0
91,48,1
91,55,0
91,57,0
91,58,0
91,59,0
91,61,0
91,62,1
91,63,0
91,92,0
91,99,0
91,100,0
91,102,0
91,104,0
91,110,1
91,115,0
91,117,0
91,120,0
91,128,1
91,129,0
91,131,50
91,153,0
91,156,0
91,161,0
91,164,0
92,72,0
92,85,0
92,87,0
92,92,0
92,94,0
92,95,27
92,99,0
92,101,1
92,102,0
92,104,0
92,109,1
92,117,0
92,120,0
92,122,1
92,138,35
92,138,0
92,149,0
92,153,0
92,156,0
92,164,0
93,72,0
93,85,0
93,87,0
93,92,0
93,94,0
93,95,29
93,99,0
93,101,1
93,102,0
93,104,0
93,109,1
93,117,0
93,120,0
93,122,1
93,138,38
93,138,0
93,149,0
93,153,0
93,156,0
93,164,0
94,5,0
94,25,0
94,34,0
94,36,0
94,38,0
94,63,0
94,66,0
94,68,0
94,69,0
94,70,0
94,72,0
94,85,0
94,87,0
94,92,0
94,94,0
94,95,29
94,99,0
94,101,1
94,102,0
94,104,0
94,109,1
94,117,0
94,118,0
94,120,0
94,122,1
94,130,0
94,138,38
94,138,0
94,149,0
94,153,0
94,156,0
94,164,0
95,20,15
95,21,33
95,33,1
95,34,0
95,36,0
95,38,0
95,70,0
95,88,19
95,89,0
95,90,0
95,91,0
95,92,0
95,99,25
95,99,0
95,102,0
95,103,1
95,104,0
95,106,43
95,117,0
95,120,0
95,130,0
95,153,0
95,156,0
95,157,0
95,164,0
96,1,1
96,5,0
96,25,0
96,29,24
96,34,0
96,36,0
96,38,0
96,50,12
96,66,0
96,68,0
96,69,0
96,86,0
96,92,0
96,93,17
96,94,32
96,94,0
96,95,1
96,96,37
96,99,0
96,100,0
96,102,0
96,104,0
96,115,0
96,117,0
96,118,0
96,130,0
96,138,0
96,139,29
96,148,0
96,149,0
96,156,0
96,161,0
96,164,0
97,1,1
97,5,0
97,25,0
97,29,24
97,34,0
97,36,0
97,38,0
97,50,1
97,50,12
97,63,0
97,66,0
97,68,0
97,69,0
97,86,0
97,92,0
97,93,1
97,93,17
97,94,37
97,94,0
97,95,1
97,96,43
97,99,0
97,100,0
97,102,0
97,104,0
97,115,0
97,117,0
97,118,0
97,130,0
97,138,0
97,139,33
97,148,0
97,149,0
97,156,0
97,161,0
97,164,0
98,11,20
98,12,25
98,14,0
98,15,0
98,23,30
98,34,0
98,36,0
98,38,0
98,43,1
98,55,0
98,57,0
98,58,0
98,59,0
98,61,0
98,70,0
98,92,0
98,99,0
98,102,0
98,104,0
98,106,40
98,117,0
98,145,1
98,152,35
98,156,0
98,164,0
99,11,1
99,11,20
99,12,25
99,14,0
99,15,0
99,23,34
99,34,0
99,36,0
99,38,0
99,43,1
99,55,0
99,57,0
99,58,0
99,59,0
99,61,0
99,63,0
99,70,0
99,92,0
99,99,0
99,102,0
99,104,0
99,106,49
99,117,0
99,145,1
99,152,42
99,156,0
99,164,0
100,33,1
100,36,0
100,49,17
100,85,0
100,86,0
100,87,0
100,92,0
100,99,0
100,100,0
100,102,0
100,103,1
100,104,0
100,113,29
100,115,0
100,117,0
100,120,22
100,120,0
100,129,36
100,129,0
100,148,0
100,153,43
100,153,0
100,156,0
100,164,0
101,33,1
101,36,0
101,49,1
101,49,17
101,63,0
101,85,0
101,86,0
101,87,0
101,92,0
101,99,0
101,100,0
101,102,0
101,103,1
101,104,0
101,113,29
101,115,0
101,117,0
101,120,22
101,120,0
101,129,40
101,129,0
101,130,0
101,148,0
101,153,50
101,153,0
101,156,0
101,164,0
102,36,0
102,38,0
102,73,28
102,76,42
102,77,37
102,78,32
102,79,48
102,92,0
102,94,0
102,95,1
102,99,0
102,100,0
102,102,0
102,104,0
102,115,25
102,115,0
102,117,0
102,120,0
102,121,0
102,140,1
102,149,0
102,153,0
102,156,0
102,164,0
103,23,28
103,36,0
103,38,0
103,63,0
103,70,0
103,72,0
103,76,0
103,92,0
103,94,0
103,95,1
103,99,0
103,100,0
103,102,0
103,104,0
103,115,0
103,117,0
103,120,0
103,121,0
103,140,1
103,149,0
103,153,0
103,156,0
103,164,0
104,5,0
104,25,0
104,34,0
104,36,0
104,37,38
104,38,0
104,43,25
104,45,1
104,55,0
104,58,0
104,59,0
104,61,0
104,66,0
104,68,0
104,69,0
104,70,0
104,89,0
104,90,0
104,91,0
104,92,0
104,99,46
104,99,0
104,102,0
104,104,0
104,116,31
104,117,0
104,125,1
104,126,0
104,130,0
104,155,43
104,156,0
104,164,0
105,5,0
105,25,0
105,34,0
105,36,0
105,37,41
105,38,0
105,43,1
105,43,25
105,45,1
105,55,0
105,58,0
105,59,0
105,61,0
105,63,0
105,66,0
105,68,0
105,69,0
105,70,0
105,89,0
105,90,0
105,91,0
105,92,0
105,99,55
105,99,0
105,102,0
105,104,0
105,116,1
105,116,33
105,117,0
105,125,1
105,126,0
105,130,0
105,155,48
105,156,0
105,164,0
106,5,0
106,24,1
106,25,53
106,25,0
106,26,38
106,27,33
106,34,0
106,36,0
106,38,0
106,66,0
106,68,0
106,69,0
106,70,0
106,92,0
106,96,1
106,99,0
106,102,0
106,104,0
106,116,43
106,117,0
106,118,0
106,129,0
106,130,0
106,136,48
106,156,0
106,164,0
107,4,1
107,5,48
107,5,0
107,7,33
107,8,38
107,9,43
107,25,0
107,34,0
107,36,0
107,38,0
107,66,0
107,68,53
107,68,0
107,69,0
107,70,0
107,92,0
107,97,1
107,99,0
107,102,0
107,104,0
107,117,0
107,118,0
107,129,0
107,130,0
107,156,0
107,164,0
108,5,0
108,14,0
108,15,0
108,21,31
108,23,7
108,25,0
108,34,0
108,35,1
108,36,0
108,38,0
108,48,1
108,50,15
108,55,0
108,57,0
108,58,0
108,59,0
108,61,0
108,63,0
108,66,0
108,68,0
108,69,0
108,70,0
108,85,0
108,87,0
108,89,0
108,90,0
108,92,0
108,99,0
108,102,0
108,103,39
108,104,0
108,111,23
108,117,0
108,126,0
108,130,0
108,156,0
108,164,0
109,33,1
109,85,0
109,87,0
109,92,0
109,99,0
109,102,0
109,104,0
109,108,37
109,114,45
109,117,0
109,120,40
109,120,0
109,123,1
109,124,32
109,126,0
109,153,48
109,153,0
109,156,0
109,164,0
110,33,1
110,63,0
110,85,0
110,87,0
110,92,0
110,99,0
110,102,0
110,104,0
110,108,39
110,114,49
110,117,0
110,120,43
110,120,0
110,123,1
110,124,1
110,124,32
110,126,0
110,153,53
110,153,0
110,156,0
110,164,0
111,23,30
111,30,1
111,31,40
111,32,45
111,32,0
111,34,0
111,36,55
111,36,0
111,38,0
111,39,35
111,43,50
111,70,0
111,85,0
111,87,0
111,89,0
111,90,0
111,91,0
111,92,0
111,99,0
111,102,0
111,104,0
111,117,0
111,126,0
111,130,0
111,156,0
111,157,0
111,164,0
112,5,0
112,6,0
112,23,1
112,23,30
112,25,0
112,30,1
112,31,1
112,31,40
112,32,48
112,32,0
112,34,0
112,36,64
112,36,0
112,38,0
112,39,1
112,39,35
112,43,55
112,55,0
112,57,0
112,58,0
112,59,0
112,61,0
112,63,0
112,66,0
112,68,0
112,69,0
112,70,0
112,85,0
112,87,0
112,89,0
112,90,0
112,91,0
112,92,0
112,99,0
112,102,0
112,104,0
112,117,0
112,126,0
112,130,0
112,156,0
112,157,0
112,164,0
113,1,1
113,3,1
113,5,0
113,25,0
113,34,0
113,36,0
113,38,54
113,38,0
113,45,30
113,47,24
113,55,0
113,58,0
113,59,0
113,61,0
113,63,0
113,66,0
113,68,0
113,69,0
113,70,0
113,76,0
113,85,0
113,86,0
113,87,0
113,92,0
113,94,0
113,99,0
113,100,0
113,102,0
113,104,0
113,107,38
113,111,44
113,113,48
113,115,0
113,117,0
113,118,0
113,121,0
113,126,0
113,130,0
113,135,0
113,148,0
113,149,0
113,156,0
113,161,0
113,164,0
114,14,0
114,15,0
114,20,1
114,21,45
114,34,0
114,36,0
114,38,0
114,63,0
114,71,29
114,72,0
114,74,49
114,76,0
114,77,32
114,78,36
114,79,39
114,92,0
114,99,0
114,102,0
114,104,0
114,117,0
114,130,0
114,132,1
114,156,0
114,164,0
115,4,1
115,5,36
115,5,0
115,25,0
115,34,0
115,36,0
115,38,0
115,39,31
115,43,41
115,44,26
115,55,0
115,57,0
115,58,0
115,59,0
115,61,0
115,63,0
115,66,0
115,68,0
115,69,0
115,70,0
115,85,0
115,87,0
115,89,0
115,90,0
115,92,0
115,99,1
115,99,0
115,102,0
115,104,0
115,117,0
115,126,0
115,130,0
115,146,46
115,156,0
115,157,0
115,164,0
116,36,0
116,38,0
116,43,24
116,55,30
116,55,0
116,56,45
116,57,0
116,58,0
116,59,0
116,61,0
116,92,0
116,97,37
116,99,0
116,102,0
116,104,0
116,108,19
116,117,0
116,129,0
116,130,0
116,145,1
116,156,0
116,164,0
117,36,0
117,38,0
117,43,24
117,55,30
117,55,0
117,56,52
117,57,0
117,58,0
117,59,0
117,61,0
117,63,0
117,92,0
117,97,41
117,99,0
117,102,0
117,104,0
117,108,1
117,108,19
117,117,0
117,129,0
117,130,0
117,145,1
117,156,0
117,164,0
118,30,24
118,31,30
118,32,45
118,32,0
118,36,0
118,38,0
118,39,1
118,48,19
118,55,0
118,57,0
118,58,0
118,59,0
118,61,0
118,64,1
118,92,0
118,97,54
118,99,0
118,102,0
118,104,0
118,117,0
118,127,37
118,129,0
118,130,0
118,156,0
118,164,0
119,30,24
119,31,30
119,32,48
119,32,0
119,36,0
119,38,0
119,39,1
119,48,1
119,48,19
119,55,0
119,57,0
119,58,0
119,59,0
119,61,0
119,63,0
119,64,1
119,92,0
119,97,54
119,99,0
119,102,0
119,104,0
119,117,0
119,127,39
119,129,0
119,130,0
119,156,0
119,164,0
120,33,1
120,36,0
120,38,0
120,55,17
120,55,0
120,56,47
120,57,0
120,58,0
120,59,0
120,61,0
120,85,0
120,86,0
120,87,0
120,92,0
120,94,0
120,99,0
120,100,0
120,102,0
120,104,0
120,105,27
120,106,22
120,107,37
120,113,42
120,115,0
120,117,0
120,129,32
120,129,0
120,130,0
120,148,0
120,149,0
120,156,0
120,161,0
120,164,0
121,33,1
121,36,0
121,38,0
121,55,1
121,55,0
121,57,0
121,58,0
121,59,0
121,61,0
121,63,0
121,85,0
121,86,0
121,87,0
121,92,0
121,94,0
121,99,0
121,100,0
121,102,0
121,104,0
121,106,1
121,115,0
121,117,0
121,129,0
121,130,0
121,148,0
121,149,0
121,156,0
121,161,0
121,164,0
122,3,31
122,5,0
122,25,0
122,34,0
122,36,0
122,38,0
122,63,0
122,66,0
122,68,0
122,69,0
122,76,0
122,85,0
122,86,0
122,87,0
122,92,0
122,93,1
122,93,15
122,94,0
122,96,39
122,99,0
122,100,0
122,102,0
122,104,0
122,112,1
122,113,23
122,115,0
122,117,0
122,118,0
122,130,0
122,148,0
122,149,0
122,156,0
122,164,47
122,164,0
123,14,35
123,14,0
123,15,0
123,36,0
123,38,0
123,43,17
123,63,0
123,92,0
123,97,42
123,98,1
123,99,0
123,102,0
123,104,24
123,104,0
123,116,20
123,117,0
123,129,0
123,130,0
123,156,0
123,163,29
123,164,0
124,1,1
124,3,23
124,5,0
124,8,31
124,25,0
124,34,39
124,34,0
124,36,0
124,37,47
124,38,0
124,55,0
124,58,0
124,59,58
124,59,0
124,61,0
124,63,0
124,66,0
124,68,0
124,69,0
124,92,0
124,94,0
124,99,0
124,100,0
124,102,0
124,104,0
124,115,0
124,117,0
124,118,0
124,122,18
124,130,0
124,142,1
124,149,0
124,156,0
124,164,0
125,5,0
125,9,42
125,25,0
125,34,0
125,36,0
125,38,0
125,43,1
125,63,0
125,66,0
125,68,0
125,69,0
125,70,0
125,84,34
125,85,0
125,86,0
125,87,54
125,87,0
125,92,0
125,94,0
125,98,1
125,99,0
125,100,0
125,102,0
125,103,37
125,104,0
125,113,49
125,115,0
125,117,0
125,118,0
125,129,0
125,130,0
125,148,0
125,149,0
125,156,0
125,164,0
126,5,0
126,7,43
126,25,0
126,34,0
126,36,0
126,38,0
126,43,36
126,52,1
126,53,55
126,63,0
126,66,0
126,68,0
126,69,0
126,70,0
126,92,0
126,94,0
126,99,0
126,100,0
126,102,0
126,104,0
126,108,48
126,109,39
126,117,0
126,118,0
126,123,52
126,126,0
126,130,0
126,149,0
126,156,0
126,164,0
127,11,1
127,12,30
127,14,54
127,14,0
127,15,0
127,34,0
127,36,0
127,38,0
127,63,0
127,66,0
127,69,25
127,69,0
127,70,0
127,92,0
127,99,0
127,102,0
127,104,0
127,106,43
127,116,36
127,117,0
127,156,0
127,163,49
127,164,0
128,23,21
128,32,0
128,33,1
128,34,0
128,36,51
128,36,0
128,38,0
128,39,28
128,43,35
128,58,0
128,59,0
128,63,0
128,70,0
128,85,0
128,87,0
128,89,0
128,90,0
128,92,0
128,99,44
128,99,0
128,102,0
128,104,0
128,117,0
128,126,0
128,130,0
128,156,0
128,164,0
129,33,15
129,150,1
130,34,0
130,36,0
130,38,0
130,43,1
130,43,32
130,44,1
130,44,20
130,55,0
130,56,1
130,56,41
130,57,0
130,58,0
130,59,0
130,61,0
130,63,52
130,63,0
130,70,0
130,82,1
130,82,25
130,82,0
130,85,0
130,87,0
130,92,0
130,99,0
130,102,0
130,104,0
130,115,0
130,117,0
130,126,0
130,130,0
130,156,0
130,164,0
131,32,0
131,34,25
131,34,0
131,36,0
131,38,0
131,45,1
131,47,16
131,54,20
131,55,1
131,55,0
131,56,46
131,57,0
131,58,38
131,58,0
131,59,0
131,61,0
131,63,0
131,70,0
131,76,0
131,82,0
131,85,0
131,87,0
131,92,0
131,94,0
131,99,0
131,102,0
131,104,0
131,109,31
131,115,0
131,117,0
131,130,0
131,149,0
131,156,0
131,164,0
132,144,1
133,28,1
133,33,1
133,34,0
133,36,45
133,36,0
133,38,0
133,39,31
133,44,37
133,92,0
133,98,27
133,99,0
133,102,0
133,104,0
133,115,0
133,117,0
133,129,0
133,130,0
133,156,0
133,164,0
134,28,1
134,33,1
134,34,0
134,36,0
134,38,0
134,39,37
134,44,40
134,54,48
134,55,1
134,55,31
134,55,0
134,56,54
134,57,0
134,58,0
134,59,0
134,61,0
134,63,0
134,92,0
134,98,1
134,98,27
134,99,0
134,102,0
134,104,0
134,114,44
134,115,0
134,117,0
134,129,0
134,130,0
134,151,42
134,156,0
134,164,0
135,24,42
135,28,1
135,33,1
135,34,0
135,36,0
135,38,0
135,39,37
135,42,48
135,63,0
135,84,1
135,84,31
135,85,0
135,86,40
135,86,0
135,87,54
135,87,0
135,92,0
135,97,44
135,98,1
135,98,27
135,99,0
135,102,0
135,104,0
135,115,0
135,117,0
135,129,0
135,130,0
135,148,0
135,156,0
135,164,0
136,28,1
136,33,1
136,34,0
136,36,0
136,38,0
136,39,37
136,43,42
136,44,40
136,52,1
136,52,31
136,53,54
136,63,0
136,83,44
136,92,0
136,98,1
136,98,27
136,99,48
136,99,0
136,102,0
136,104,0
136,115,0
136,117,0
136,126,0
136,129,0
136,130,0
136,156,0
136,164,0
137,33,1
137,36,0
137,38,0
137,58,0
137,59,0
137,60,23
137,63,0
137,85,0
137,86,0
137,87,0
137,92,0
137,94,0
137,97,35
137,99,0
137,100,0
137,102,0
137,104,0
137,105,28
137,115,0
137,117,0
137,129,0
137,130,0
137,148,0
137,149,0
137,156,0
137,159,1
137,160,1
137,161,42
137,161,0
137,164,0
138,30,34
138,34,0
138,36,0
138,38,0
138,43,39
138,55,1
138,55,0
138,56,53
138,57,0
138,58,0
138,59,0
138,61,0
138,92,0
138,99,0
138,102,0
138,104,0
138,110,1
138,115,0
138,117,0
138,131,46
138,156,0
138,164,0
139,30,1
139,30,34
139,32,0
139,34,0
139,36,0
139,38,0
139,43,39
139,55,1
139,55,0
139,56,49
139,57,0
139,58,0
139,59,0
139,61,0
139,63,0
139,66,0
139,69,0
139,92,0
139,99,0
139,102,0
139,104,0
139,110,1
139,115,0
139,117,0
139,130,0
139,131,44
139,156,0
139,164,0
140,10,1
140,34,0
140,36,0
140,38,0
140,43,44
140,55,0
140,56,49
140,57,0
140,58,0
140,59,0
140,61,0
140,71,34
140,92,0
140,99,0
140,102,0
140,104,0
140,106,1
140,115,0
140,117,0
140,156,0
140,163,39
140,164,0
141,10,1
141,13,0
141,14,0
141,25,0
141,34,0
141,36,0
141,38,0
141,43,46
141,55,0
141,56,53
141,57,0
141,58,0
141,59,0
141,61,0
141,63,0
141,66,0
141,69,0
141,71,1
141,71,34
141,92,0
141,99,0
141,102,0
141,104,0
141,106,1
141,115,0
141,117,0
141,130,0
141,156,0
141,163,39
141,164,0
142,13,0
142,17,1
142,18,0
142,19,0
142,36,45
142,36,0
142,38,0
142,44,38
142,48,33
142,63,54
142,63,0
142,82,0
142,92,0
142,97,1
142,99,0
142,102,0
142,104,0
142,115,0
142,117,0
142,126,0
142,129,0
142,143,0
142,156,0
142,164,0
143,5,0
143,6,0
143,25,0
143,29,1
143,34,35
143,34,0
143,36,0
143,38,48
143,38,0
143,55,0
143,57,0
143,58,0
143,59,0
143,61,0
143,63,56
143,63,0
143,66,0
143,68,0
143,69,0
143,70,0
143,76,0
143,85,0
143,87,0
143,89,0
143,90,0
143,92,0
143,94,0
143,99,0
143,102,0
143,104,0
143,106,41
143,115,0
143,117,0
143,118,0
143,120,0
143,126,0
143,130,0
143,133,1
143,149,0
143,156,1
143,156,0
143,157,0
143,164,0
144,13,0
144,18,0
144,19,0
144,36,0
144,38,0
144,54,60
144,55,0
144,58,1
144,58,0
144,59,51
144,59,0
144,61,0
144,63,0
144,64,1
144,92,0
144,97,55
144,99,0
144,102,0
144,104,0
144,115,0
144,117,0
144,129,0
144,143,0
144,156,0
144,164,0
145,13,0
145,18,0
145,19,0
145,36,0
145,38,0
145,63,0
145,65,1
145,84,1
145,85,0
145,86,0
145,87,51
145,87,0
145,92,0
145,97,55
145,99,0
145,102,0
145,104,0
145,113,60
145,115,0
145,117,0
145,129,0
145,143,0
145,148,0
145,156,0
145,164,0
146,13,0
146,18,0
146,19,0
146,36,0
146,38,0
146,43,51
146,63,0
146,64,1
146,83,1
146,92,0
146,97,55
146,99,0
146,102,0
146,104,0
146,115,0
146,117,0
146,126,0
146,129,0
146,143,60
146,143,0
146,156,0
146,164,0
147,21,30
147,34,0
147,35,1
147,36,0
147,38,0
147,43,1
147,55,0
147,57,0
147,58,0
147,59,0
147,61,0
147,63,50
147,82,40
147,82,0
147,85,0
147,86,10
147,86,0
147,87,0
147,92,0
147,97,20
147,99,0
147,102,0
147,104,0
147,115,0
147,117,0
147,126,0
147,129,0
147,130,0
147,156,0
147,164,0
148,21,35
148,32,0
148,34,0
148,35,1
148,36,0
148,38,0
148,43,1
148,55,0
148,57,0
148,58,0
148,59,0
148,61,0
148,63,55
148,82,45
148,82,0
148,85,0
148,86,1
148,86,10
148,86,0
148,87,0
148,92,0
148,97,20
148,99,0
148,102,0
148,104,0
148,115,0
148,117,0
148,126,0
148,129,0
148,130,0
148,156,0
148,164,0
149,13,0
149,21,35
149,32,0
149,34,0
149,35,1
149,36,0
149,38,0
149,43,1
149,55,0
149,57,0
149,58,0
149,59,0
149,61,0
149,63,60
149,63,0
149,70,0
149,82,45
149,82,0
149,85,0
149,86,1
149,86,10
149,86,0
149,87,0
149,92,0
149,97,1
149,97,20
149,99,0
149,102,0
149,104,0
149,115,0
149,117,0
149,126,0
149,129,0
149,130,0
149,156,0
149,164,0
150,5,0
150,6,0
150,25,0
150,34,0
150,36,0
150,38,0
150,50,1
150,54,75
150,55,0
150,58,0
150,59,0
150,61,0
150,63,0
150,66,0
150,68,0
150,69,0
150,70,0
150,76,0
150,85,0
150,86,0
150,87,0
150,92,0
150,93,1
150,94,1
150,94,66
150,94,0
150,99,0
150,100,0
150,102,0
150,104,0
150,105,70
150,112,63
150,115,0
150,117,0
150,118,0
150,120,0
150,126,0
150,129,1
150,130,0
150,133,81
150,148,0
150,149,0
150,156,0
150,161,0
150,164,0
151,1,1
151,5,20
151,5,0
151,6,0
151,13,0
151,14,0
151,15,0
151,18,0
151,19,0
151,25,0
151,32,0
151,34,0
151,36,0
151,38,0
151,55,0
151,57,0
151,58,0
151,59,0
151,61,0
151,63,0
151,66,0
151,68,0
151,69,0
151,70,0
151,72,0
151,76,0
151,82,0
151,85,0
151,86,0
151,87,0
151,89,0
151,90,0
151,91,0
151,92,0
151,94,40
151,94,0
151,99,0
151,100,0
151,102,0
151,104,0
151,115,0
151,117,0
151,118,30
151,118,0
151,120,0
151,121,0
151,126,0
151,129,0
151,130,0
151,135,0
151,138,0
151,143,0
151,144,10
151,148,0
151,149,0
151,153,0
151,156,0
151,157,0
151,161,0
151,164,0
